-- ============================================
-- PMF WMS 演示数据填充脚本
-- 使用前确保已执行 create_all_tables.sql
-- ============================================

-- 1. 用户数据（请先通过前端注册页面注册以下用户，密码统一设 123456）
--    注册后替换下方 user_id 即可。或用后端 BCryptPasswordEncoder 加密后替换 password 字段。
-- INSERT INTO `user` (`username`, `real_name`, `phone`, `department`, `position`, `password`, `status`) VALUES
-- ('admin',   '张主管', '13800001001', '仓储部',   '主管',    'BCRYPT_HASH_HERE', 1),
-- ('zhangsan','张三',   '13800001002', '仓储部',   '仓库管理员', 'BCRYPT_HASH_HERE', 1),
-- ('lisi',    '李四',   '13800001003', '仓储部',   '仓库管理员', 'BCRYPT_HASH_HERE', 1),
-- ('wangwu',  '王五',   '13800001004', '质检部',   '质检员',   'BCRYPT_HASH_HERE', 1),
-- ('zhaoliu', '赵六',   '13800001005', '质检部',   '质检员',   'BCRYPT_HASH_HERE', 1);
-- 【提示】如果数据库中已有用户，跳过此段，直接执行后续 INSERT 即可。
--        但后续 INSERT 依赖 user_id=1,2,3,4,5，请根据实际 user_id 调整。

-- 2. 货物数据（原料 + 成品）
INSERT INTO `goods` (`goods_code`, `category`, `goods_name`, `storage_condition`, `quantity`, `unit`) VALUES
('RM-001', '原料', '鸡胸肉',       '冷冻', 5000, 'kg'),
('RM-002', '原料', '猪五花肉',     '冷冻', 3000, 'kg'),
('RM-003', '原料', '西兰花',       '恒温', 2000, 'kg'),
('RM-004', '原料', '大米',         '常温', 10000, 'kg'),
('RM-005', '原料', '食用油',       '常温', 800, 'L'),
('RM-006', '原料', '生抽酱油',     '常温', 500, 'L'),
('RM-007', '原料', '青椒',         '恒温', 1200, 'kg'),
('RM-008', '原料', '鸡蛋',         '恒温', 3000, '个'),
('FP-001', '成品', '宫保鸡丁套餐', '冷冻', 2500, '盒'),
('FP-002', '成品', '红烧肉套餐',   '冷冻', 1800, '盒'),
('FP-003', '成品', '蒜蓉西兰花',   '恒温', 1500, '盒'),
('FP-004', '成品', '蛋炒饭',       '冷冻', 2200, '盒');

-- 3. 库房数据
INSERT INTO `warehouse` (`warehouse_name`, `warehouse_type`, `warehouse_size`, `total_slots`, `available_slots`, `location`, `status`, `description`) VALUES
('一号冷冻库', '冷冻库', '大', 200, 45,  'A栋1层', '启用', '存储冷冻原料及成品'),
('二号恒温库', '恒温库', '中', 150, 30,  'A栋2层', '启用', '存储恒温原料及成品'),
('三号常温库', '一般仓库', '大', 300, 80, 'B栋1层', '启用', '存储常温原料及干货'),
('四号冷冻库', '冷冻库', '中', 120, 25,  'B栋2层', '启用', '备用冷冻库');

-- 4. 库区数据
INSERT INTO `zone` (`zone_name`, `warehouse_id`, `total_slots`, `available_slots`, `description`) VALUES
('A1-冷冻原料区', 1, 80,  18, '一号冷冻库原料存放区'),
('A2-冷冻成品区', 1, 120, 27, '一号冷冻库成品存放区'),
('B1-恒温原料区', 2, 70,  14, '二号恒温库原料存放区'),
('B2-恒温成品区', 2, 80,  16, '二号恒温库成品存放区'),
('C1-常温原料区', 3, 200, 53, '三号常温库原料存放区'),
('C2-常温成品区', 3, 100, 27, '三号常温库成品存放区'),
('D1-备用冷冻原料', 4, 60,  12, '四号冷冻库原料区'),
('D2-备用冷冻成品', 4, 60,  13, '四号冷冻库成品区');

-- 5. 库位数据（每库区生成多个库位）
-- 一号冷冻库 A1区
INSERT INTO `location` (`location_name`, `zone_id`, `is_occupied`, `lock_status`) VALUES
('A1-01', 1, 1, '未锁定'), ('A1-02', 1, 1, '未锁定'), ('A1-03', 1, 0, '未锁定'),
('A1-04', 1, 1, '未锁定'), ('A1-05', 1, 0, '未锁定'), ('A1-06', 1, 1, '未锁定'),
('A1-07', 1, 0, '未锁定'), ('A1-08', 1, 1, '未锁定');
-- 一号冷冻库 A2区
INSERT INTO `location` (`location_name`, `zone_id`, `is_occupied`, `lock_status`) VALUES
('A2-01', 2, 1, '未锁定'), ('A2-02', 2, 1, '未锁定'), ('A2-03', 2, 0, '未锁定'),
('A2-04', 2, 1, '未锁定'), ('A2-05', 2, 0, '未锁定'), ('A2-06', 2, 1, '未锁定');
-- 二号恒温库 B1区
INSERT INTO `location` (`location_name`, `zone_id`, `is_occupied`, `lock_status`) VALUES
('B1-01', 3, 1, '未锁定'), ('B1-02', 3, 0, '未锁定'), ('B1-03', 3, 1, '未锁定'),
('B1-04', 3, 1, '未锁定'), ('B1-05', 3, 0, '未锁定');
-- 二号恒温库 B2区
INSERT INTO `location` (`location_name`, `zone_id`, `is_occupied`, `lock_status`) VALUES
('B2-01', 4, 1, '未锁定'), ('B2-02', 4, 0, '未锁定'), ('B2-03', 4, 1, '未锁定'),
('B2-04', 4, 1, '未锁定');
-- 三号常温库 C1区
INSERT INTO `location` (`location_name`, `zone_id`, `is_occupied`, `lock_status`) VALUES
('C1-01', 5, 1, '未锁定'), ('C1-02', 5, 1, '未锁定'), ('C1-03', 5, 0, '未锁定'),
('C1-04', 5, 1, '未锁定'), ('C1-05', 5, 0, '未锁定'), ('C1-06', 5, 1, '未锁定'),
('C1-07', 5, 0, '未锁定'), ('C1-08', 5, 1, '未锁定');
-- 三号常温库 C2区
INSERT INTO `location` (`location_name`, `zone_id`, `is_occupied`, `lock_status`) VALUES
('C2-01', 6, 1, '未锁定'), ('C2-02', 6, 0, '未锁定'), ('C2-03', 6, 1, '未锁定'),
('C2-04', 6, 1, '未锁定'), ('C2-05', 6, 0, '未锁定');
-- 四号冷冻库 D1/D2区
INSERT INTO `location` (`location_name`, `zone_id`, `is_occupied`, `lock_status`) VALUES
('D1-01', 7, 0, '未锁定'), ('D1-02', 7, 0, '未锁定'), ('D1-03', 7, 0, '未锁定'),
('D2-01', 8, 0, '未锁定'), ('D2-02', 8, 0, '未锁定');

-- 6. 批次数据
INSERT INTO `batch` (`batch_id`, `goods_id`, `production_date`, `expiry_date`, `initial_quantity`, `remaining_quantity`, `batch_status`) VALUES
('B20260701001', 1,  '2026-07-01', '2026-10-01', 2000, 1500, '正常'),
('B20260702001', 1,  '2026-07-02', '2026-10-02', 3000, 2800, '正常'),
('B20260703001', 2,  '2026-07-03', '2026-09-30', 1500, 1200, '正常'),
('B20260704001', 2,  '2026-07-04', '2026-10-05', 1500, 1000, '正常'),
('B20260705001', 3,  '2026-07-05', '2026-08-15', 1000, 600,  '正常'),
('B20260706001', 3,  '2026-07-06', '2026-08-20', 1000, 800,  '待检'),
('B20260707001', 4,  '2026-07-07', '2027-07-07', 5000, 3500, '正常'),
('B20260708001', 5,  '2026-07-08', '2027-01-08', 800,  500,  '正常'),
('B20260709001', 9,  '2026-07-10', '2026-12-10', 1000, 800,  '正常'),
('B20260710001', 9,  '2026-07-11', '2026-12-11', 1500, 1200, '正常'),
('B20260711001', 10, '2026-07-11', '2026-11-30', 1000, 600,  '正常'),
('B20260712001', 10, '2026-07-12', '2026-12-01', 800,  700,  '待检'),
('B20260713001', 11, '2026-07-13', '2026-09-01', 1500, 1000, '正常'),
('B20260714001', 12, '2026-07-14', '2026-11-15', 1200, 900,  '正常'),
('B20260715001', 7,  '2026-07-14', '2026-09-14', 800,  500,  '正常');

-- 7. 库存明细数据
INSERT INTO `inventory` (`goods_id`, `batch_id`, `warehouse_id`, `zone_id`, `location_id`, `quantity`, `inventory_status`) VALUES
(1,  'B20260701001', 1, 1, 1,  800,  '正常'),
(1,  'B20260701001', 1, 1, 2,  700,  '正常'),
(1,  'B20260702001', 1, 1, 4,  1500, '正常'),
(1,  'B20260702001', 1, 1, 6,  1300, '正常'),
(2,  'B20260703001', 1, 1, 8,  1200, '正常'),
(2,  'B20260704001', 1, 2, 10, 500,  '正常'),
(2,  'B20260704001', 1, 2, 11, 500,  '正常'),
(3,  'B20260705001', 2, 3, 15, 300,  '正常'),
(3,  'B20260705001', 2, 3, 17, 300,  '正常'),
(3,  'B20260706001', 2, 3, 16, 800,  '待入库'),
(4,  'B20260707001', 3, 5, 23, 1500, '正常'),
(4,  'B20260707001', 3, 5, 26, 2000, '正常'),
(5,  'B20260708001', 3, 5, 24, 500,  '正常'),
(7,  'B20260715001', 2, 3, 19, 500,  '正常'),
(9,  'B20260709001', 1, 2, 13, 800,  '正常'),
(9,  'B20260710001', 1, 2, 14, 1200, '正常'),
(10, 'B20260711001', 1, 2, 9,  600,  '正常'),
(11, 'B20260713001', 2, 4, 20, 500,  '正常'),
(11, 'B20260713001', 2, 4, 22, 500,  '正常'),
(12, 'B20260714001', 1, 2, 12, 900,  '正常');

-- 8. 入库单数据
INSERT INTO `inbound_order_head` (`inbound_no`, `inbound_type`, `order_status`, `operator_id`, `inbound_time`, `remark`) VALUES
('IN-20260710001', '采购入库', '已完成', 1, '2026-07-10 09:30:00', '鸡胸肉采购到货'),
('IN-20260711001', '采购入库', '已完成', 1, '2026-07-11 10:00:00', '大米批量采购'),
('IN-20260712001', '生产入库', '已完成', 2, '2026-07-12 14:00:00', '宫保鸡丁套餐产线入库'),
('IN-20260713001', '退货入库', '已审核', 1, NULL, '红烧肉退货重新入库'),
('IN-20260714001', '采购入库', '草稿',   2, NULL, '青椒采购（待审核）'),
('IN-20260715001', '生产入库', '已完成', 3, '2026-07-15 16:00:00', '蛋炒饭产线入库');

-- 9. 出库单数据
INSERT INTO `outbound_order_head` (`outbound_no`, `outbound_type`, `order_status`, `operator_id`, `outbound_time`, `remark`) VALUES
('OUT-20260711001', '销售出库', '已完成', 1, '2026-07-11 08:00:00', '客户A订单出库'),
('OUT-20260712001', '销售出库', '已完成', 2, '2026-07-12 09:00:00', '客户B订单出库'),
('OUT-20260713001', '内部领用', '已完成', 1, '2026-07-13 11:00:00', '研发部领用原料'),
('OUT-20260714001', '销售出库', '已审核', 2, NULL, '客户C订单（待出货）'),
('OUT-20260715001', '报废出库', '已完成', 3, '2026-07-15 15:00:00', '过期批次报废处理');

-- 10. 工作任务数据
INSERT INTO `work_task` (`task_type`, `priority`, `related_order_no`, `related_batch_id`, `goods_id`, `assignee_id`, `deadline`, `created_time`, `remark`) VALUES
('入库',   '高', 'IN-20260714001', 'B20260705001', 7,  2, '2026-07-17 18:00:00', '2026-07-14 10:00:00', '青椒采购入库，需质检后入库'),
('入库',   '中', 'IN-20260715001', 'B20260714001', 12, 3, '2026-07-16 18:00:00', '2026-07-15 09:00:00', '蛋炒饭入库'),
('出库',   '高', 'OUT-20260714001', 'B20260709001', 9,  3, '2026-07-17 12:00:00', '2026-07-14 14:00:00', '急单！客户C宫保鸡丁出库'),
('质检',   '高', 'QC-20260716001', 'B20260706001', 3,  4, '2026-07-17 17:00:00', '2026-07-16 08:00:00', '西兰花到货质检'),
('质检',   '中', 'QC-20260716002', 'B20260712001', 10, 5, '2026-07-18 18:00:00', '2026-07-16 09:00:00', '红烧肉批次抽检'),
('库存盘点','中', 'CK-20260716001', NULL,          NULL, 2, '2026-07-20 18:00:00', '2026-07-16 10:00:00', '一号冷冻库月度盘点'),
('库存调整','低', 'ADJ-20260716001', 'B20260701001', 1,  3, '2026-07-18 18:00:00', '2026-07-16 11:00:00', '鸡胸肉库位调拨'),
('处理不合格货物', '高', 'DEF-20260716001', 'B20260712001', 10, 4, '2026-07-17 18:00:00', '2026-07-16 12:00:00', '红烧肉次品处理');

-- 11. 质检单数据
INSERT INTO `quality_check_head` (`check_no`, `check_type`, `batch_id`, `check_status`, `inspector_id`, `check_time`, `result`, `remark`) VALUES
('QC-20260710001', '来料检验', 'B20260701001', '已完成', 4, '2026-07-10 08:30:00', '合格', '鸡胸肉感官及微生物检测通过'),
('QC-20260711001', '来料检验', 'B20260707001', '已完成', 5, '2026-07-11 10:00:00', '合格', '大米水分及杂质检测通过'),
('QC-20260712001', '例行抽检', 'B20260709001', '已完成', 4, '2026-07-12 15:00:00', '合格', '宫保鸡丁成品抽检通过'),
('QC-20260714001', '来料检验', 'B20260715001', '已完成', 4, '2026-07-14 11:00:00', '合格', '青椒农残检测通过'),
('QC-20260716001', '来料检验', 'B20260706001', '待检',   4, NULL, NULL, '西兰花到货待检'),
('QC-20260716002', '例行抽检', 'B20260712001', '待检',  5, NULL, NULL, '红烧肉批次抽检');

-- 12. 温湿度记录数据
INSERT INTO `temperature_humidity_record` (`warehouse_id`, `temperature`, `humidity`, `record_time`, `remark`) VALUES
(1, -18.5, 72.0, '2026-07-16 08:00:00', '一号冷冻库早班记录'),
(1, -17.8, 70.5, '2026-07-16 14:00:00', '一号冷冻库午班记录'),
(2, 4.2,  65.0, '2026-07-16 08:00:00', '二号恒温库早班记录'),
(2, 5.1,  63.5, '2026-07-16 14:00:00', '二号恒温库午班记录'),
(3, 22.0, 55.0, '2026-07-16 08:00:00', '三号常温库早班记录'),
(3, 24.5, 52.0, '2026-07-16 14:00:00', '三号常温库午班记录'),
(4, -19.0, 75.0, '2026-07-16 08:00:00', '四号冷冻库早班记录'),
(4, -18.2, 73.0, '2026-07-16 14:00:00', '四号冷冻库午班记录'),
(1, -18.0, 71.0, '2026-07-15 08:00:00', '历史记录'),
(1, -18.2, 71.5, '2026-07-15 14:00:00', '历史记录'),
(2, 4.5,  64.0, '2026-07-15 08:00:00', '历史记录'),
(2, 4.8,  63.0, '2026-07-15 14:00:00', '历史记录'),
(3, 23.0, 54.0, '2026-07-15 08:00:00', '历史记录'),
(3, 23.5, 53.0, '2026-07-15 14:00:00', '历史记录');

-- 13. 操作日志数据
INSERT INTO `operation_log` (`operation_type`, `operation_content`, `operation_result`, `operator_id`, `operation_time`) VALUES
('入库', '执行入库单 IN-20260710001：鸡胸肉 2000kg 入库至 A1-01, A1-02', '成功', 1, '2026-07-10 09:35:00'),
('入库', '执行入库单 IN-20260711001：大米 5000kg 入库至 C1-01, C1-06', '成功', 1, '2026-07-11 10:30:00'),
('出库', '执行出库单 OUT-20260711001：宫保鸡丁套餐 200盒 出库', '成功', 1, '2026-07-11 08:15:00'),
('质检', '执行质检 QC-20260710001：鸡胸肉检测合格', '成功', 4, '2026-07-10 09:00:00'),
('质检', '执行质检 QC-20260712001：宫保鸡丁成品抽检合格', '成功', 4, '2026-07-12 15:30:00'),
('盘点', '发起盘点任务 CK-20260716001：一号冷冻库月度盘点', '创建', 1, '2026-07-16 10:00:00'),
('调整', '库存调整 ADJ-20260716001：鸡胸肉从 A1-01 调拨至 A1-04', '成功', 3, '2026-07-16 11:30:00');
